reviewId,userName,userImage,content,score,thumbsUpCount,reviewCreatedVersion,at,replyContent,repliedAt,appVersion,scraped_at
c5de7d25-db91-4088-b575-32040d2f3fc3,Sam Hatcher,https://play-lh.googleusercontent.com/a-/ALV-UjWo3R2Vv8vdXuDtYlbOXcF5JSg-Zj_SP-LtbPdEcOOWcT6VHsC-Mg,"I usually love Spotify, I even have premium, but recently it has been SO testy when I try to open it. Sometimes it will work fine, but most of the time it just opens to a black screen and no matter if I reset the app, or even my phone, nothing really helps it. When it does this, if it eventually opens, everything is incredibly slow to load. I'm very disappointed.",1,209,9.0.40.391,2025-05-06 11:36:58,"Hi. Have you tried a quick reinstall? If that doesn't help, we'd recommend reaching out to our Customer Service at support.spotify.com. Just search ‚ÄúContact Us‚Äù, and they'll be happy to help.",2025-05-06 12:26:01,9.0.40.391,2025-05-15 16:00:51
f815a6b1-a059-498c-ae9e-8bdd1133d40c,Moth,https://play-lh.googleusercontent.com/a-/ALV-UjWgqkhkzTw08zWNbb8itP83nOQboBNYf4O21BBPh7OkFSwRixY,"I love spotify! It's super easy. I will say that it's not good unless you have premium though. My my first request is that a long time ago on desktop you could see when the song was added on collaborative playlists, and that has been removed, could you add that back? The next request is that on collaborative playlists, the collaborators should be able to edit the playlist cover and order of the songs. That's is, great app!",5,31,9.0.36.697,2025-04-30 09:44:15,,,9.0.36.697,2025-05-15 16:00:51
963b90a4-7e44-48ff-9ed2-95e79dd56ad9,Author PG Badzey,https://play-lh.googleusercontent.com/a/ACg8ocJTC3qhCHpwMQ7JH2pO5gy2ga3sXHfhtAWYYFqyVgUaE0XxTw=mo,"decent selection of music, but the app lies. it constantly promises to give 30 minutes of ad-free listening and then doesn't deliver. many times, I let an ad play in order to get 30 minutes free, but then the app plays two songs and hits me with an ad. this is either a stupid glitch or a cynically deceptive practice. I'm looking elsewhere to get mobile music.",1,518,9.0.36.697,2025-04-25 08:14:14,,,9.0.36.697,2025-05-15 16:00:51
ae2f4c35-8e7f-42d1-81ff-bd7544a9e2bc,Charles Roberts,https://play-lh.googleusercontent.com/a/ACg8ocInSJT1GJ4Sr977I3Ju8LerTjJS19zBC03XAgWNYkZZOGiybQ=mo,"two issues: switching on and off from offline mode used to be very easy and no hassle. Now they buried it in the settings menu, making it hard to do when traveling, and somehow, it takes longer to load your downloaded library than your online library. You pay for spotify premium to get rid of ads, yet they still add ads some some podcasts outside of the sponsorship ads podcasts run. I understand not being able to fix the podcast sponsorship ads. out of characters, but I could complain more.",1,238,9.0.36.697,2025-04-24 03:16:40,,,9.0.36.697,2025-05-15 16:00:51
63a6de53-7d1d-44e3-827a-b614b0cc1659,J T,https://play-lh.googleusercontent.com/a/ACg8ocKjzKyHT6PBmw7nX79kMvp77L_uNXk4FwhmonWH60UTwY0DwQ=mo,"Even if you pay you have to put this in offline mode, or it'll use your data on downloaded songs and lately it's been moving back to the top of my Playlist no matter how many times I go down to where it was at if I lock my screen or anything which is very annoying. Just updated it, and it's still doing it. if it doesn't stop going to switch to YouTube music",1,116,9.0.40.391,2025-05-03 13:28:17,"Hi. We're open to feedback, and we'd love to get some more info about this. If you have the time, give our Customer Service a shout. You can find them by heading to http://support.spotify.com and searching ""Contact us"".",2025-05-03 13:42:09,9.0.40.391,2025-05-15 16:00:51
87ab6fd3-665e-4563-8326-b9ce5fa9a140,Chris Klassen,https://play-lh.googleusercontent.com/a-/ALV-UjWuJHGpdkwmmxLdgtk1nLnX-g-cAVTiLfCJXkbO7tJTxci0q94,"SHUFFLE absolutely SUCKS. Playing the same exact (out of 800tracks over and over again in a single sitting. The latest update with the new ""+/create"" option on the right of the bottom navigation bar is just so utterly pointless and just adds to the clutter of options we already had there :( And also please stop reminding me (with the floating, white pop up box over the play bar) everytime I start playing music that I can ""connect to a device"". I've had this app for years and know how to do so.",2,5,9.0.42.529,2025-05-10 06:01:51,"Hi! We‚Äôd recommend restarting your device to see if that makes any difference. If that doesn‚Äôt help, you can get in touch with our Customer Service by heading to support.spotify.com and searching ""Contact us"".",2023-04-25 11:32:45,9.0.42.529,2025-05-15 16:00:51
a7e0c1ac-8801-40ae-a6b0-021f15298bc8,Kyle Potter,https://play-lh.googleusercontent.com/a-/ALV-UjU-R47YOxEwlEhjrQZ13ddLrpKuGd8769sB61hZb6C7LNvLCej3,"Shuffle is BROKEN. I like to shuffle my 'liked' songs at random, but lately it has been cycling through a small portion of those songs, even playing them in the same order as before. Repeat/loop is off. I've cleared my cache multiple times. I've reinstalled the app. What now?... Also, please stop with the ""share"" pop-up when taking a screenshot. Seriously.",1,159,9.0.36.697,2025-04-28 02:18:55,"Hello! Thanks for this suggestion. To help us get your idea heard, it‚Äôd be awesome if you could add it to our ideas board: https://community.spotify.com/t5/Ideas/ct-p/newideas. Our product teams regularly look at this board and many great features have been developed from it. We hope this helps.",2024-10-14 04:17:58,9.0.36.697,2025-05-15 16:00:51
c33d27af-f530-4cb0-ac7b-d572f861f8ab,William B,https://play-lh.googleusercontent.com/a-/ALV-UjV23gJv8tk_CuE30zB-qnIp_5vuS8Bm0XOk-IwetGyyHC1E_i4,"Update: My songs aren't correctly loading in if they are liked or what playlists they are on. I love Spotify, though I have premium and would not be able to go back to ads. It is definitely worth it to choose which songs I want to play, queue up music, and have jams. I would like to see a feature to hide artists I follow under ""your library,"" just to clean it up. I never look at there music there, it just makes me scroll further to playlists after I follow them.",3,74,9.0.36.697,2025-04-30 05:15:00,,,9.0.36.697,2025-05-15 16:00:51
53cf06fe-0532-461d-9dfd-bb36edc0974c,A Google user,https://play-lh.googleusercontent.com/EGemoI2NTXmTsBVtJqk8jxF9rh8ApRWfsIMQSt2uE4OcpQqbFu7f7NbTK05lx80nuSijCz7sc3a277R67g,"While you cannot beat the sheer library of content, Spotify has really dropped the ball lately with a few things. One, allowing podcasts to play in-conversation advertising kind of defeats the purpose of paying for premium to not hear ads. The AI DJ repeatedly plays the same songs over and over ad nauseum. Lastly, when are we finally going to get lossless or HD audio?? If those three things were addressed, this would be a 5 and no other platform would come close.",3,87,9.0.36.697,2025-05-02 13:22:47,,,9.0.36.697,2025-05-15 16:00:51
15db895e-a44e-48b7-9507-20ae4b11601d,Jonathan Clark,https://play-lh.googleusercontent.com/a/ACg8ocLeWTqNT4V8TW5dkXX8-idTftZD5606DppBmYmmF-hQy5-Aag=mo,"The app has a great music selection and quality. I'm disappointed at how difficult it is to find the queue at times, it is sometimes impossible to see. This is a fundamental function of a music player and should always be available. After recent update it constantly shows a notification about Spotify connections, which i have turned off. overall i like the service but the app has many annoying or weak features. Recently the app has recently had more trouble between albums and on searches, it ....",4,194,9.0.36.697,2025-05-02 20:20:08,,,9.0.36.697,2025-05-15 16:00:51
b1056d7c-8115-413f-9969-976b955825bc,Cam,https://play-lh.googleusercontent.com/a-/ALV-UjU5xsWRfv7VGpXsfxhLH5D0BPf4sFNJuse7-OCLvkxvjbFH0jsa,I pay for spotify premium. Podcasts all have ads built into them so you're forced to deal with them. The smart shuffle will only play the 10 songs it thinks are your favorite at the time even though it has a list of 800 songs you've liked. Theres way too much going on with the UI and it's just annoying to navigate the app over all. The entire app has no sense of genra. It will literally play songs at random if you tell it to recommend something based off a filter.,1,120,9.0.36.697,2025-05-01 23:34:46,,,9.0.36.697,2025-05-15 16:00:51
3953ce8e-c29e-4277-babe-f9512ec13519,Katie House,https://play-lh.googleusercontent.com/a-/ALV-UjUJPKRfpY6SD4zHI8MtwkkBaWygxC8N7NGbs2d0ClDWERR9J0RYPg,"Super interesting that Spotify said in-app that they were asking for ""bluetooth"" permission when what was REALLY requested was permission to locate/connect with nearby devices. (I was listening to music using bluetooth while this was happening, so it wasn't because my BT was off.) Why do you want that, Spotify? Couldn't be anything good if you have to trick people into granting you access. I'm switching to Tidal. So tired of this bull.",1,65,9.0.36.697,2025-05-02 06:05:52,,,9.0.36.697,2025-05-15 16:00:51
ec2836f4-11ae-4dbb-8cc1-d884ca8193cf,Alysabeth Deleon,https://play-lh.googleusercontent.com/a-/ALV-UjXGeJvc-WvGGAJLrHj7cYtYinbPOcYaWwhJhasFQXAuvqE0Miw9,"it's fine, I guess. I listen to many playlists but 2/3 of the songs can't be listened to because of spotify's stupid algorithm. I'm looking for another app because I'm sick of having to use all 6 of my skips to stop listening to the same song. spotify is so money hungry and doesn't even bother to fix the issue many people have with the app",2,92,9.0.36.697,2025-04-23 23:31:26,"Hey! We had a little hiccup earlier but everything should be running just fine now. If the same issue persists, give Customer Service a shout. Just search ‚ÄúContact Us‚Äù at support.spotify.com.",2025-04-17 05:24:19,9.0.36.697,2025-05-15 16:00:51
1584e57b-d4e8-4527-b095-a71948fd68e6,LoAnd Behold,https://play-lh.googleusercontent.com/a-/ALV-UjXZ3cWwcdO3KycTnceVZapXj5svlgaHX2J1JDJX06TifYq65VdM,"I'm not sure I like being told that my collection is too big and that in order to add any more songs, or albums, I need to delete some of them first. I am paying you guys, am I not? Edit: 5/1/25 App refuses to download episodes and songs to SD card, despite it being an option. Had to uninstall/reinstall twice because after the 'transfer' the app freezes and takes an hour and a half to get back to a playable status.",2,51,9.0.36.697,2025-05-02 07:48:09,"Hi. We're open to feedback, and we'd love to get some more info about this. If you have the time, give our Customer Service a shout. You can find them by heading to http://support.spotify.com and searching ""Contact us"".",2025-05-02 09:32:59,9.0.36.697,2025-05-15 16:00:51
49be0f93-aa08-4442-949f-e511cc932a34,Beatrice Yarbrough,https://play-lh.googleusercontent.com/a-/ALV-UjULoi9PGLtuLgnJZdnwE3wH_urgOrpJzZkLg5Lc7BFrCWexEJN0,"Premium is good but expensive( I understand that artists need to be paid and the company wants profit). However, the non premium plan is almost a whole different app. Songs are added to my playlists that I did not want there, and I only have 6 skips and end up having to waste them on songs that shouldn't be there anyway. Have been trying to re-listen to a playlist that i finished, but when I press play on the PLAYLIST, it starts playing ""suggested songs."" Again, I have to waste skips.+much more",3,80,9.0.36.697,2025-05-05 06:06:13,,,9.0.36.697,2025-05-15 16:00:51
d23e9cb8-2510-4f3b-8c66-366971a541cf,AL,https://play-lh.googleusercontent.com/a-/ALV-UjUhnGB_OsrKubDyADm6JYu6kkbRRWYS3vEI65uZUFQ2e7WNE6Oe2A,"Spotify used to be incredible! Now, it's total trash! The connectivity is asteonomcally garbage - I could have 5G UC service, be playing downloaded songs, but Spotify will be constantly interrupted. I'm currently experiencing a complete blackout. I loved the way the queue was set-up, where you could see what was in the queue, & what was playing from the list - it was a large, legible set of tracks; now, it's a ""user-friendly"" mess, where it's impossible to see the queue, versus the list.",1,384,9.0.34.593,2025-04-16 21:01:43,,,9.0.34.593,2025-05-15 16:00:51
581243b4-a27c-4bb8-98dd-05e8cb92f0b4,Tabetha Baranski,https://play-lh.googleusercontent.com/a-/ALV-UjU_iLhs1DrkiJxVTNt-0XylwqGLTMSFh_SpooD3YKa6tlu81QUr,"I have the free version right now because I can not afford premium. I will get the ad saying ""listen for 30 minutes of ad free music"" then it literally plays 1 3-4 minute song before I get another 2 minute set of ads. I habe time stamped screen shots to prove this. At this point, I feel as though im listening to more ads than I am music and highly considering switching streaming services. We're getting to a point where I almost can't listen to music unless I pay. Fix it!",1,1707,9.0.34.593,2025-04-20 01:47:04,"Hi there, thanks for your feedback. No worries, we'll pass this along to the Ads team. To get the 30-minute ad-free music, be sure to keep the video ad in focus. Don't navigate to another app, browser, etc. Make sure that you're not accidentally clicking the ""No, thanks"" button as well, when prompted to watch the ad. Hope this helps.",2025-04-20 02:25:05,9.0.34.593,2025-05-15 16:00:51
10748a99-1e5c-452c-9f06-a2fe13ee578b,Olivia Doke,https://play-lh.googleusercontent.com/a-/ALV-UjXdaMLhYzlwQdTo0TEc5qBXMz78z9Y8NNWIsWXIaU6t3HLLc6Ab,"I do truly love the app, but the ads! My gods, there are ads after almost every song. I don't mean a single short ad, It's three minutes of ads for a minute long song. Ridiculous. UPDATE: My review went from two stars to one. The reply they left on my review was encouraging me to buy premium. That is absolutely absurd. I have two kids and rent to pay, I won't waste money on a premium version of an app that doesn't even work. My brother bought premium, and he still sees ads.",1,824,9.0.34.593,2025-04-15 09:35:59,"Hey! We're sorry to hear this, and we'll pass your feedback along to the Ads team. For an ad-free experience, we'd recommend checking out our Premium plans. If you've never had Premium before, you should be eligible for our trial. You can also check out other deals by heading over to spotify.com/premium.",2025-04-08 11:01:16,9.0.34.593,2025-05-15 16:00:51
c38b1e8c-ff36-42ab-a6da-c94c9f927b39,Callie Callie J.,https://play-lh.googleusercontent.com/a-/ALV-UjXa0hybtrJdid-iDsMPkg9lk7ajvXdSWu0iNJ3NjM9JUQtd9s3eWQ,"I had given this app 5 stars at one point because of the huge concern variety of music, podcasts and other material available and ease of navigation. Then I dropped it to 3 because I was having sign in issues, but still liked the app. Now the app doesn't even load pages, so can't play music. Don't know if it's issue stemming from my phone or the app itself being stupid. Either way, uninstalled and unsubscribed. Can't use, so why keep it? Moving on to other apps.",1,229,9.0.34.593,2025-04-16 21:39:00,"Hey there! Everything‚Äôs looking good on our end now. Also, check out the steps under ‚ÄúSpotify not playing‚Äù at support.spotify.com. If you're still having issues, we'd recommend getting in touch with our Customer Service. Just search for ‚ÄúContact Us‚Äù.",2025-04-17 03:37:55,9.0.34.593,2025-05-15 16:00:51
f40ddf34-668e-4d22-9adb-703087c344c0,Artemis Cho,https://play-lh.googleusercontent.com/a-/ALV-UjUD4vvLwVOUhWqcPlRwynsW95dAcaphmpQrnEObLVHi8VNjIgR8bw,"I want to like but can't. 1) I have a playlist I want to listen to repetitively for coping (health issues) but they keep throwing in songs I DIDNT ADD!!! I need it for grounding 2) Also they say to listen to an ad to get 30mins free... and 3 mins later giving me ANOTHER AD. So unless you pay money (which you could've to just buy the songs and keep), then whats the point of the app? update: got an ad saying ill get 30mins for free after that ad. then they proceeded to give me 2 more ads. ü§¶‚Äç‚ôÄÔ∏è",1,24,9.0.40.391,2025-05-06 18:46:03,,,9.0.40.391,2025-05-15 16:00:51
56b47bcc-df42-4058-add3-18dfd81fb27f,Lorenzo cominos,https://play-lh.googleusercontent.com/a-/ALV-UjXDFm3DXofg8DSvXcF4A7InexRIa8AIrysyLOmZTARQZnOJzk9e,this app plays Ads at 10x the volume of your program successfully blasting your eardrums into oblivion everytime there's an ad. I hate this app. This app magically deletes all my songs regularly just as I get somewhere with no signal or I'm in a foreign country. The sheer stupidity of having a tiny button at the top of the song list that drops all your songs instantly at the accidental flick of a finger is mind blowing to me. This app could use a lot of work.,1,206,9.0.34.593,2025-04-15 23:16:35,"Hey! We're sorry to hear this, and we'll pass your feedback along to the Ads team. For an ad-free experience, we'd recommend checking out our Premium plans. If you've never had Premium before, you should be eligible for our trial. You can also check out other deals by heading over to spotify.com/premium.",2025-04-15 23:25:21,9.0.34.593,2025-05-15 16:00:51
b0d2cb17-a25e-464a-ba7e-cf012de89c57,Julian Eaddy,https://play-lh.googleusercontent.com/a/ACg8ocJSyu5ODF1mThMl5upSOKG3Dxg7938HVl4OuO5JHEXEAVnboQ=mo,"The app works, but barely. It will throw ads at you every other song, and the ""30 minutes of uninterrupted listening"" is 5-8 minutes at best. On top of that, basic features such as rewinding or skipping a song are lost behind the Premium Paywall (which gets more expensive every 3 months). You can't even pick which song you want to listen to on your playlist, as it's stuck in shuffle mode. It's glitchy. When I opened my phone, music started playing, and it jacked up my volume to max. I'm done. üëé",2,563,9.0.20.604,2025-02-22 00:03:08,,,9.0.20.604,2025-05-15 16:00:51
36d7cde7-bb10-47e7-8376-4cd57cf93449,Rachel S.,https://play-lh.googleusercontent.com/a/ACg8ocKfgrN4atmwGpBOoGU1HbZ_oI0cbBPgYnCJ-nEGuyqGo4Waluc=mo,"Suddenly stopped working today. Anytime I go to my library, the app closes. If I even try to play a local file downloaded on my phone, it closes. I've been having a bug for many months where the app would close the first time I went to the ""New Episodes"" podcast playlist, but it was a minor annoyance. This is completely unusable. Frustrating that it happened the day after my monthly Premium charge happened! Hope it will be fixed soon.",1,2907,9.0.20.604,2025-02-23 14:47:54,,,9.0.20.604,2025-05-15 16:00:51
047cfa23-290d-42fc-bcb6-fd9c9bb21fc4,Heather cook,https://play-lh.googleusercontent.com/a/ACg8ocJ32qYqBsJT0z-JOvA_d77Xd-izL5gOKjRSGsWou32OLJ-Yqg=mo,"Normally a huge fan. I have over 20000 liked songs, I make a new playlist weekly for work. It has a huge issue scrolling past the first 30 or so songs. Maybe it's time for them to break up the liked songs into two alphabetical groups of you have over a certain amount of saved songs. It's becoming impossible to do the 1 thing I really depend on the app for. Yes, I have already deleted it, cleared out the cache, redownloaded it. No avail.",1,248,9.0.26.632,2025-03-19 04:22:50,"Hi! We're open to feedback, and we'd love to get some more info about this. If you have the time, give our Customer Service a shout. You can find them by heading to http://support.spotify.com and searching ""Contact us"".",2025-03-19 04:53:57,9.0.26.632,2025-05-15 16:00:51
224a9703-628d-48d5-aa93-e9f511768107,Abigail Hinkle,https://play-lh.googleusercontent.com/a-/ALV-UjWmhKp_RYSibqL2GG3OqgMyVc4ZA1qQrE4cKjN8c2MunhzFp8DZ,"Spotify is practically unusable free unless you're on PC. That's the only reason I give an extra star rather than just one. Even when you're on PC, you're getting around 2-4 30-second long ads every few songs even after ""30 minutes of ad-free listening"". On mobile, you can't turn shuffle off. Every time you go to play a song, it plays just the right amount of songs that AREN'T the song you clicked play for so that you use up all of your 6 free skips for the hour on the songs you had to go past.",2,549,9.0.32.624,2025-04-05 12:33:24,,,9.0.32.624,2025-05-15 16:00:51
1c90d916-a4a1-4a67-abe0-d93ccb5a7f08,Cindie Dowell,https://play-lh.googleusercontent.com/a-/ALV-UjVkRS4Pp17vwlm6lzGQCy0PgQ6s8CjqnChbRpM330xjA1-bgvptbQ,"Why remove the ability to delete a song from the play queue? I don't understand why I pay for an app that tries to control everything I listen to. Isn't that the whole point of paying? That, plus the fake ""shuffle"" feature makes me hate Spotify. Again, if it's a playlist I made, I like all of the songs! I don't need Spotify to play 5% of them over and over for me and never play the other 95%. I suppose it's time to find a new music service.",2,878,9.0.22.543,2025-03-01 19:56:42,,,9.0.22.543,2025-05-15 16:00:51
63b44072-d29e-4e6b-917c-a76b80f085f9,Analeigh Galindo,https://play-lh.googleusercontent.com/a-/ALV-UjUu_POgC4_10lEahsgSC_gGXxN1weIV6QdPF2nQNaRTJx3pLjhU,"Great navigation, love the system and format, especially the playlist making system. It's just SO MANY ads, and that's not something I usually complain about but seriously? After every other song? The thirty minute ad breaks don't even work, it's totally immersion breaking, especially getting the same ads over and over and the singing ones are just so annoying. Quit money grabbing, not everyone has money to throw away. Sometimes it just skips songs on its own and it's janky on Aux.",2,405,9.0.30.642,2025-03-31 11:02:33,,,9.0.30.642,2025-05-15 16:00:51
748ef0f1-d55f-4d02-9e24-14c028686482,Eden Valencia,https://play-lh.googleusercontent.com/a-/ALV-UjV8CEzjCJ8NpdGHwdbjbI66F8c0IiemhN9hiyyzuj65WUo6KCY,"This is the best app ever!!!!!!! Stupid Amazon music blocks almost every song so you cant listen to it and if you get premium nothing changes, in fact they TEMPT you to buy EVEN MORE STUFF but spotifys not like that also I'm on a chrome iOS and Spotify works surprisingly well more than other apps do, although I think its only on my computer, I have to uninstall it then download to open it up. I also love a feature where you can block explicit songs so if you have any kids or you are a kid do it!",5,195,9.0.28.630,2025-03-20 22:27:31,,,9.0.28.630,2025-05-15 16:00:51
116e1b1a-8439-4b11-ac7b-e428439af2d8,Chad,https://play-lh.googleusercontent.com/a/ACg8ocKla2YaUL2R5nnwbsC39lTtppwURx-u7nJtt-DZyTPc_kn0Hw=mo,"Downloaded songs and shuffle ruin the app. I use the app a lot out of service area so I download plenty of music to listen to. When I try to listen to the downloaded music the app only plays rap and hip hop, plays the same 10 songs over and over again out of 2500 plus downloaded songs. It sometimes won't even play other songs I try to select outside the apps chosen favorites, I click on it and it does nothing. It ruins the whole experience of using the app.",1,602,9.0.22.543,2025-03-05 22:08:07,,,9.0.22.543,2025-05-15 16:00:51
dd2255dc-2cdf-42c0-b53d-83f987dc93ef,Rheanon Adkins,https://play-lh.googleusercontent.com/a-/ALV-UjV0BCyfxsVuG1WkNE_IA0qsiK8XhZ_zDnndQg2xJjoe2o7LZVI,"way more ads than music. playlist constantly closes, and you have to start over. constantly pauses for no reason. tells you 30 minutes ad free, which only crashes the ap or plays more ads. this app only gets worse with time. you can't even use it while driving because it forces you to open up the ap and physically look at the ads. dont waste your time. just go to youtube music if you want a good music app. after 10 years of use, i can happily say im uninstalling this archaic garbage.",1,1312,9.0.28.630,2025-03-27 07:23:23,"Hi! We‚Äôre sorry to hear this and thanks for letting us know. We‚Äôd like to investigate further. If you have time, could you reach out to our Customer Support team again with a screenshot of your review and our reply? You can reach them at https://support.spotify.com/contact-spotify-anonymous/.",2025-03-23 07:50:58,9.0.28.630,2025-05-15 16:00:51
58e60f51-6b35-4638-9f20-39a4fe0ef85f,Brynn Sisk,https://play-lh.googleusercontent.com/a-/ALV-UjX_RCMn2tM-zC7wQbS6bkggOcD3_RbPo3-Dotpf9c-NxLf75Xrh,"I have premium, and i used to adore this app. however, for the past week or so, the app will just stop playing music after a couple of songs. I have to fully close and restart the app then restart the playlist, and then the process begins all over again. it's infuriating. update, 7/24/24: this still happens sometimes, but now the issue is the removal of songs from my liked playlist. doesnt matter if i liked them years or minutes prior to checking my liked songs, certain ones just wont show up :/",2,179,9.0.28.630,2025-03-25 03:29:00,,,9.0.28.630,2025-05-15 16:00:51
f09d97d7-700a-4ffd-8474-af0bd96d9fc8,DeWitt Powers,https://play-lh.googleusercontent.com/a-/ALV-UjV80fw5Z8v857IAQ0-wi0DqjFB4bOEOiJjXSy1MbPxLt-PrCrV5kg,"One step forward, two steps back. The updated queue is nice for swiping songs away, but now it sucks for removing multiple songs at once. It makes it easier to accidentally play the song instead of removing it too. The add to playlist function is broken now after the much needed multi-playlist update. Now if you hit the back button on your phone or in the app, it will clear all your playlists you've added so far and either start you over or close the add to playlist screen altogether. Annoying.",2,377,9.0.22.543,2025-03-06 01:55:06,,,9.0.22.543,2025-05-15 16:00:51
1ff13580-49ce-4391-b066-eb18fc44409d,Liz Bee,https://play-lh.googleusercontent.com/a-/ALV-UjVFqBTvy3_ay-SdxLGOjBgZKld1mGH3pNhTTgdEeKCmJnS13TT_LQ,"Terribly created app. can't turn shuffle off. Downloading your library does nothing - it cannot access it if you are not connected to internet. It downloads when it shouldn't and costs hundreds of dollars if you aren't on an unlimited data plan. It is purposely created to break if you try to skip commercials in a podcast, to the point that it must be uninstalled and reinstalled. It doesn't pay musicians or artists what they're due. It is quite literally the worst app, RIP Google play music.",1,368,9.0.28.630,2025-03-30 03:17:24,,,9.0.28.630,2025-05-15 16:00:51
ab69f152-a915-4ad9-82b1-6f869036a1bd,Erica Northup,https://play-lh.googleusercontent.com/a-/ALV-UjVORZmAf3aMDQf-6zwhd6Dhlbzl6HBT7NwKDKg4jl6KI0Ohefab,"Used to be able to listen to it all day with no issues. Then, at the end of 2024, I'd get 20 minutes of music, and it gets stuck on an ad. I've looked into it numerous times and was told it's my wifi. My wifi is fine. It's the app. This needs to be fixed, or the apps are going to lose a lot of people to Pandora or YouTube. I've already started to make the switch. I'd love to stay with spotify. I like how the app works WHEN IT WORKS. But it doesn't anymore.",3,368,9.0.20.604,2025-02-20 19:24:56,,,9.0.20.604,2025-05-15 16:00:51
5b639782-2d95-45c7-92d2-2d4bf98f5d88,S Miller,https://play-lh.googleusercontent.com/a/ACg8ocI82loZ4HBXCLamKYLwocoU0Jd_a5_6kC2Bi_LCulgJBE1e1A=mo,"A slight hiccup is happening recently (January 2025... still there March 2025) - every time I open the app and click on any option, it shuts down. I can immediately reopen it and it works fine. But it seems to need to shut down at least once. I believe it's typically when I choose ""Your Library"", ""New Episodes"". Have used app for years and love it.",5,10476,9.0.28.630,2025-03-20 17:04:48,,,9.0.28.630,2025-05-15 16:00:51
ef49dcf3-6d0d-4ae5-b4e1-a93f94e1f97b,ryan pigeon,https://play-lh.googleusercontent.com/a/ACg8ocKKzO6wZ3BpaNFfAW42hOQ_nCikKez83GLJDkK1F77Tjh8zZQ=mo,"Don't fall asleep with Spotify playing. it will start playing random bad podcasts, which will then forever be auto-played, with NO options to remove the unwanted programs from your lists or not play them. FIX THIS! ok app for music and podcasts, but the Adds are ridiculous! I Pay for premium to get away from the adds, but there is still 2 adds every 10 min, only now I can skip them... and you have to have signal to access downloaded songs/files, making it pointless to download them. frustrating",2,284,9.0.28.630,2025-03-21 19:41:04,"Hi. We're open to feedback, and we'd love to get some more info about this. If you have the time, give our Customer Service a shout. You can find them by heading to http://support.spotify.com and searching ""Contact us"".",2025-03-21 19:42:41,9.0.28.630,2025-05-15 16:00:51
eeb8fc69-8a98-4f8a-a1e1-37edf2f67aa8,Max Wen,https://play-lh.googleusercontent.com/a-/ALV-UjU5_37BVNZKWIIQSH-lQNjt7r_m80nX37UkrVx1QlEIakKvzwo,"so many years and no updates to the UIX but more and more irrelevant ads. even when it says ""listen to this ad for 30 minutes of uninterrupted music"" it's a complete lie and I'll get another ad after 2 songs. sometimes I open the app and it will have a popular song of the time ready to play even though it doesn't match anything I've ever listened to, they are just trying to boost the play numbers for some artists. impossible to use this app and not see the scam this entire industry is.",1,432,9.0.26.632,2025-03-16 14:10:36,"We're sorry to hear this, and we'll pass your feedback along to the Ads team. For an ad-free experience, we'd recommend checking out our Premium plans. If you've never had Premium before, you should be eligible for our trial. You can also check out other deals by heading over to spotify.com/premium.",2025-03-16 14:46:23,9.0.26.632,2025-05-15 16:00:51
14b929f0-43d8-4297-b0a4-83fdc16d217c,Nemi Santos,https://play-lh.googleusercontent.com/a/ACg8ocJeczsmt-dNdHdFw7bw6PQxW1W2VCACpWmtMK0gpNZky_ffXw=mo,"I used to loved this app, but now we have a lot of new issues rather than solutions. The new queue system sucks. Can't delete several songs at once. The new ""clear"" buttom only clears songs in the ""queue"" I DONT WANT TO DELETE EVERY SINGLE SONG INDIVIDUALLY! New closed captions on podcast are on the top, it's annoyin When Spotify is open on my PC and I change the volume on my phone, it only changes the volumen on my pc! This app gets worse by the minute and it's seems less worth each time!",1,1133,9.0.28.630,2025-03-27 00:38:35,,,9.0.28.630,2025-05-15 16:00:51
4d19681b-470c-4cdf-b0db-6b0b65eb75da,William Detlefsen,https://play-lh.googleusercontent.com/a/ACg8ocIEqBcM077DnMD3lgDAc0LlK48tj99qydrw7RBOwo2VP4e47g=mo,"This app has become increasingly clunky and riddled with ads. After listening to a downloaded podcast and deleting it, Spotify keeps it in your queue, cluttering it up and making it harder to find podcasts you haven't listened to. When fast-forwarding past intros and ads, it will randomly put you back at the beginning. If you're looking for a podcast player, I'd recommend going elsewhere.",2,175,9.0.28.630,2025-03-20 17:50:06,,,9.0.28.630,2025-05-15 16:00:51
936f32e0-b955-4bce-bda2-13f86963d0b3,Fizz,https://play-lh.googleusercontent.com/a-/ALV-UjVggyWTZOZAgvdMgmE82URtmuBMlo642Ot3AJPZij1aXmQmHvrx,"Still love the app, but I have to say that the UI change to the queue is so intensely frustrating to me. I enjoy that it shows the album covers, but please for the love of all that is holy, separate the things I added to the queue myself from the ""next in playlist"" section again. The way it looks now is super messy to me and really messes with the way I use it.",4,688,9.0.26.632,2025-03-15 11:26:16,,,9.0.26.632,2025-05-15 16:00:51
fd65e780-e68c-46dc-bfb2-1f9379a412da,Alex Trimpe,https://play-lh.googleusercontent.com/a-/ALV-UjWApuuUOO_kbqfjAgpM9vMGzxk-ihxazIIoVoQstcyjvsDAiuYh,"The Android app will ""steal"" the active playing device without permission. I will be playing Spotify on another device, such as privately on my laptop, and the Android app will steal the stream without warning. Its an embarrassing scenario in public. Frustratingly, the app also doesn't retain the filters like ""Downloaded"" on the Podcasts tab. As a podcast player, it's lacking. I would have loved to give this feedback in the app, however, I couldn't find a way to do so. Many opportunities here",2,245,9.0.32.624,2025-04-04 07:48:22,"Hi! We‚Äôre sorry to hear this and thanks for letting us know. We‚Äôd like to investigate further. If you have time, could you reach out to our Customer Support team again with a screenshot of your review and our reply? You can reach them at https://support.spotify.com/contact-spotify-anonymous/.",2025-04-04 13:35:37,9.0.32.624,2025-05-15 16:00:51
4f3069bc-bbb3-4b7c-8bc4-13d78a50a1ae,Teacup Appleblood,https://play-lh.googleusercontent.com/a-/ALV-UjUxWM4x5DI8ERxhfFIAK-peQk2NgaG0vxWnmrp6Bm7QUB2YtOuFng,"Good interface, but... It'd be way better if Spotify on mobile devices was like Spotify on computers. Just look at how much more freedom you get on a computer when you listen to music in comparison with how limited the mobile version is! I don't know why it is the way it is (most likely marketing, but what isn't nowadays?)... Anyway, not really that good of an experience if you have Spotify Free but I still use it for some reason :/",3,194,9.0.28.630,2025-03-26 22:16:49,,,9.0.28.630,2025-05-15 16:00:51
c15ff6b7-d08d-4c91-90f2-c010361c0f01,Pyroshock,https://play-lh.googleusercontent.com/a-/ALV-UjXOkCez7Fy3wZuM33fTQGVZ-j6oV8xMsu0iE9pyq9wXkYHlkOlo,"When using the Free version of this app, searching and playing a song is broken. For example, if I search and play ""Billie Jean"" by MJ, it will play ""Beat it"" or ""Thriller"". Earlier versions of spotify did not do this and it makes this app one of the most unreliable apps for Free music playing - along with your procured playlists on permenant shuffle. You'd be better off with competitor products. WOULD NOT RECOMMEND - unless you have over 100 dollars a year to blow on premium.",1,409,9.0.24.601,2025-03-09 20:48:02,,,9.0.24.601,2025-05-15 16:00:51
c5793c07-3b96-4937-833c-4ee3c0b53472,Davis Glazebrook,https://play-lh.googleusercontent.com/a/ACg8ocLHPdgozcfi6R5kahng3s4yCHQL2iEMPaZ6-EPk4AiyXEfZCXQ=mo,"The only thing consistent about Spotify is how frustrating it is. UX And UI change all the time from bad to bad, never gets better. Pay Artists More!! Stop with the limited audiobook credits, paid promotions on premium, and AI garbage like the dj. Let me find new music from artists I follow Instead of burying the releases menu that doesn't even show all of them!! I could write a book about how much I hate this app.",2,226,9.0.24.601,2025-03-12 06:25:46,,,9.0.24.601,2025-05-15 16:00:51
5f3b0b24-be74-4baf-b06b-702144be2d9d,Nathan Telkamp,https://play-lh.googleusercontent.com/a-/ALV-UjW5btwnzgD_XYpqGBMOtv2fTL-7qv6pqICQ_2aXdrPMlExnR85dlA,"Spotify keeps stopping media playback in all other apps whenever it is running in the background (not playing music, just being open). It's super frustrating. I have to force stop spotify any time I want to watch a YouTube video or listen to a Pandora station or anything, because it just repeatedly pauses whatever I'm trying to play. Samsung S22 Ultra. Please fix this. Edit: Yes, I have tried reinstalling. I still have the issue",2,132,9.0.28.630,2025-03-22 10:40:38,"We suggest restarting your device and making sure that Spotify has the necessary permissions to operate in the background. This might help improve the situation. If you still encounter issues, feel free to reach out to our Customer Service by visiting support.spotify.com and looking for ""Contact us.""",2025-03-22 11:00:40,9.0.28.630,2025-05-15 16:00:51
0c872635-7e5f-486d-8c3e-abbf2c60a3f5,Alecia Carle,https://play-lh.googleusercontent.com/a-/ALV-UjV6OgBN-5nEXlBcFSR3vbgebAk8BuvOmIPUyXjvYumDw_EOR2a-,"Just keeps getting WORSE while charging us MORE! Premium service sucks now. You can't add/delete/rearrange songs to the queue anymore. Takes an absolutely insane amount of time for playlists to load now. And it's constantly adding the same songs to the queue... And now there's no way to remove them. Bring back all the premium features and stop taking them away! And the free version is a joke, you use to get 3-4 songs after less than a min of ads, now it's 3-4 min of ads for a song... RIDICULOUS!",1,273,9.0.26.632,2025-03-25 21:24:36,,,9.0.26.632,2025-05-15 16:00:51
4466e0a7-dd57-4b21-ae4f-28d7d96cf1e7,Tim Miller,https://play-lh.googleusercontent.com/a/ACg8ocJFaFiGwkHYz6tfu1NNigLuIHlXxhCbEz7AP9GC8khvbp8i6A=mo,Tried giving this app another chance. Still a no go. Frustrating that video function doesn't work when connected Bluetooth just because your in a moving vehicle whether your driving or not. This app is so awful and invasive! It will play by itself if you press play/pause on any other player app. TV version is even worse! So many missing functions and trying to simply find a certain Podcaster that that you've even already been listening to is a chore. Avoid at all costs. Not worth the agrivation.,1,239,9.0.26.632,2025-03-17 23:05:43,"Hi. Have you tried a quick reinstall? If that doesn't help, we'd recommend reaching out to our Customer Service at support.spotify.com. Just search ‚ÄúContact Us‚Äù, and they'll be happy to help.",2024-11-09 07:36:32,9.0.26.632,2025-05-15 16:00:51
813efdd5-ef0d-40d5-8a22-c2b3a8a0431b,Carl Bratcher,https://play-lh.googleusercontent.com/a/ACg8ocKel2ykfW8drvJMEjv_arcl_TXeX6w9aoln4rkDjRHx1HK0Ew=mo,"Why does it lie so much? It gives an ad accompanied by a message saying I'm about to enjoy 30 minutes of uninterrupted music. Yet one or two songs later, more ads. Like, it wouldn't even bother me as much if it just hadn't even said it would be uninterrupted. Seriously, the dishonesty makes me want to uninstall and switch back to Pandora.",1,24,9.0.36.697,2025-05-01 09:33:52,"Hey! We're sorry to hear this, and we'll pass your feedback along to the Ads team. For an ad-free experience, we'd recommend checking out our Premium plans. If you've never had Premium before, you should be eligible for our trial. You can also check out other deals by heading over to spotify.com/premium.",2025-05-01 09:48:29,9.0.36.697,2025-05-15 16:00:51
bc45601b-9855-44fa-850c-eb1e351a5d9e,Tanz Afroz,https://play-lh.googleusercontent.com/a-/ALV-UjVyuwUVDSvkaPW5u_T_5KxAahyjpMmKhqGuViJagHLviaJpX9mo,"Good selection but needs a better UI like long press to select multiple songs/media. It is such a a pain that you can only move one song at a time in a playlist. When playing from an album or playlist, we need a button to start it over instead of playing from where it was left off. Swipe left to delete. The whole queue should be cleared with one press instead of clearing it twice. I don't know why the Spotify developers don't add these basic features!!",2,49,9.0.20.604,2025-02-21 12:42:15,,,9.0.20.604,2025-05-15 16:00:51
3149d3d6-c890-4564-8d75-4cf7277c4064,Derek DeVries,https://play-lh.googleusercontent.com/a/ACg8ocKKGPJYYkwGn3E-isWhnio_XrmkrFVtCEv9ClIwu88n0Rg3HSPt=mo,"Subscribed to premium service and I've been nothing but disappointed. The audio quality is good and the catalog is large, but the UI is terrible and Spotify keeps interrupting me with ads/notifications for their other services/features. They prioritize podcasts over music and there's no way to provide feedback on what you're interested in (or not): I had to subscribe to some innocuous shows just to stop them from promoting Joe Rogan every time I opened the app to listen to music.",2,187,9.0.28.630,2025-03-22 01:09:44,,,9.0.28.630,2025-05-15 16:00:51
a6763cbd-e97b-4d4d-b4db-04650bbec0f4,Bonnie Smith,https://play-lh.googleusercontent.com/a/ACg8ocIZGjadiZczj6sLjsjFu7CoSPvsD6mo1e_PJ6ptB4a73JSU7ZTn=mo,"App has been a bit buggy since the AI playlist feature was added. The app itself doesn't always load in, and when I click on my liked songs, they don't play. I have to search the song and then it will play. Sometimes, when I'm trying to skip through my downloaded songs, the app does not respond to me pressing any of the playback buttons and crashes. I have also noticed a lack of variety in my music, Spotify will play the same songs in order even when I'm on shuffle and the cahe is cleared",3,69,9.0.34.593,2025-04-16 23:52:44,,,9.0.34.593,2025-05-15 16:00:51
1707ef98-417d-4235-8f76-ad9042db3488,Zaria D,https://play-lh.googleusercontent.com/a-/ALV-UjW62o3Uohy3eDIwf9VYmyxaByY6tDSxrkRviTFK2YWKjKcOIK4,"I've been using Spotify for years and I'll admit, it's the best music app you can use. But lately, my reset button hasn't been available and it's causing me trouble. I've tried resetting the playlists, nothing. Closing then reopening the app, nothing. I'm going to see if updating the app will help. Update 1: Still didn't worküòì Update 2: Even tried logging out, didn't work. Update 3: Even redownloaded the app, nothing. Update 4: Spotify, what happened!? Why is the whole app getting worse!?",3,217,9.0.30.642,2025-03-28 10:54:21,,,9.0.30.642,2025-05-15 16:00:51
854c58e9-3288-46a0-a9bd-c858b66da279,Moth,https://play-lh.googleusercontent.com/a-/ALV-UjW-DLImGrtR784k3iK-4Te9NRXTOZuFCzh5w1txTHxvj4a9rZFa,"Pretty good, as long as you have premium. If you don't, then it's terrible. I have premium and it's fantastic; 3 small issues: 1. the queue design is garbage now. bring it back to how it was please. 2. App crashes randomly. Last thing I request is a way to loop podcasts please! That is all.",5,482,9.0.36.697,2025-05-02 09:22:38,,,9.0.36.697,2025-05-15 16:00:51
fe722929-0170-41e9-9a07-42e470989b5e,Ty Miller,https://play-lh.googleusercontent.com/a-/ALV-UjV5gcY7CjcBXBda9QHCCQRR6Mrd5KX6ZVvsibU1xq8Xlop1ibaOgg,Very smooth experience overall with Premium at least. Actually my go-to audio player on mobile. One thing that's kind of weird at the moment is that some canvases don't show when you're listening to music like they normally do. Hope that gets fixed because I love seeing a visual when I'm listening to a song.,4,46,9.0.36.697,2025-04-26 08:31:44,,,9.0.36.697,2025-05-15 16:00:51
050cf851-4abc-4cce-9084-0ee51dc898a2,Hellish Champion,https://play-lh.googleusercontent.com/a-/ALV-UjWqUp-lzaWMDzb-ybxTaKsLkSw1Z1KAy2DsaShFUKwnPH-blAw,started ok rapidly turning it's self into garbage. number of ads keeps increasing. I download to listen later so I don't waste data. they have data saving options like do not randomly play something when playback is over. I have that enabled and yet after every downloaded podcasts it starts playing hip hop. I have never listened to music on this app and can't get it to stop. do what every1 else does and use something else.,1,88,9.0.28.630,2025-03-28 00:06:25,,,9.0.28.630,2025-05-15 16:00:51
1d3763f3-cfe4-4698-8c90-be2e272f08d9,Sam Renay,https://play-lh.googleusercontent.com/a-/ALV-UjUNestfp6ddkwRDRauoi5Jl0v_ryYn7ta15_auqHiVegbJi_oLnuA,"If I pay for premium dont force me to listen to your random song selections, if I have one small playlist between all of my larger playlists, it doesn't mean I want you to force add new songs when I shuffle it and listen to that playlist on repeat, it means I want to listen to those songs and those songs alone, on shuffle. If I disable your adding songs, keep it disabled.",1,53,9.0.40.391,2025-05-06 08:55:29,,,9.0.40.391,2025-05-15 16:00:51
ed0155e8-26a6-43c7-8252-80078dbe9cb2,Aaron Hallmon,https://play-lh.googleusercontent.com/a/ACg8ocLoD4xix0kA8tE_2v2DGldS_RLRWDGCqCSoipAY36cC89qcPg=mo,"Spotify has so many things that if you don't pay it makes your music listening trash. only 6 skips per HOUR? You can't rewind if you accidentally skip your favorite song, you can't play the song you skipped on accident because it starts playing random trashy songs and you can't keep skipping song on your playlist because u only have 6 skips! and the ads ruin your vibe, the only reason I put this as 2 stars and not one is because it has music. fix the stupid 6 skips please. its dumb.",2,173,9.0.32.624,2025-04-06 09:12:02,,,9.0.32.624,2025-05-15 16:00:51
594299cc-6e4c-4708-a9f4-37fa7549daf3,worlds collide,https://play-lh.googleusercontent.com/a-/ALV-UjVwZb15cHYifEurX2WTV1cVQaOo8cQ2VWntFT8moR4X27478ZOn,"I love the wide variety of songs on this platform, but the amount of advertisments can get crazy sometimes. Once I had 7 advertisments in a row and only one song before another round of advertisements. It's awesome that you can see how long each playlist is and it would be great if you could do the same with liked songs.",4,715,9.0.20.604,2025-02-23 21:44:13,,,9.0.20.604,2025-05-15 16:00:51
dfb065ba-3b53-4de1-8a64-9f1f0b6c852a,Kimberly V,https://play-lh.googleusercontent.com/a-/ALV-UjUKGJZvQtN-d_adbkJPDLZdmCxswdmvy9FmT1tmwpmLTke2MkumSg,"This would be a 5 star app but all of this month I've been experiencing issues, specifically since March 10th, the latest update. I cannot go back to a previous song or restart a song! And this is a problem for me because I am the type of gal to return to a song when I feel like I'm not appreciating it enough. Also, on my PS5, my music will go on an ultimate loop of 1 advertisement until I restart the app. Please let me go back/rewind songs and fix my PS5's Spotify issue!",3,67,9.0.26.632,2025-03-20 01:52:25,,,9.0.26.632,2025-05-15 16:00:51
d252eba6-c701-4ef8-a9c6-4b69fd60f01e,Melissa,https://play-lh.googleusercontent.com/a/ACg8ocIMZDMsBrquFP1d72mnFv2F3PhO2szQTlileqiUT193oZh8tl8=mo,I HATE the way the new update makes my queue look on mobile. I have premium and cannot remove songs from my queue or adjust anything with the queue as easy as I used to. On desktop it would make sense but on mobile the updated interface for it is awful and makes me not want to even bother using the app as much as it was one of my favorite features. Not everything needs fixed.,1,269,9.0.20.604,2025-02-25 13:48:28,,,9.0.20.604,2025-05-15 16:00:51
bcad5849-3dd5-4f0d-88b8-52a9e68a6415,James Keplinger,https://play-lh.googleusercontent.com/a-/ALV-UjWwMLoIhehZNGEP_pkhwlmh8WP5DZT3w5IB-CIVzSp4uEtpXweG,"Not good. They don't have an issue taking your money but won't give any support. Actually terrible support. If you use them, if something goes wrong your option is too download a different app. Having issues with app randomly playing and opening on multiple device at one time,so after 2 hours on chat they just disconnect you if they can't provide a simple fix.",2,180,9.0.20.604,2025-02-26 01:26:18,,,9.0.20.604,2025-05-15 16:00:51
07cc341f-a477-4189-a672-ae995751a767,gary johnson,https://play-lh.googleusercontent.com/a/ACg8ocLyDTNzJmq_jW8OsiaynX_iuNe0lJuFnmFztKLb9z1vAjFaEA=mo,Updated review after TRYING to listen to audio books. you get 15 hours even with premium and have to pay a ridiculous amount of 13$ per 10hours. I took that 13$ to audible and finished the book I was listening to and got even better deals to continue the series. I spent 6 dollars for the 2nd book in the series that was over 20hrs long. I would have paid 4 times that to listen to it on spotify. I suggest either update the business model or get rid of it completely before you lose business.,2,69,9.0.34.593,2025-04-20 09:02:29,,,9.0.34.593,2025-05-15 16:00:51
d5705a97-24f8-4e7c-b13d-9f278041c819,Alexandra Howland-Lopez,https://play-lh.googleusercontent.com/a/ACg8ocI3rTkiLJERA-bNe6Qx1LXvkXDa9o31cUXDJ00jD-nzUhX6ow=mo,"I've had Spotify premium for years. It's great to be able to select specific songs and listen without ads and they do have a really wide selection. I used to love their recs but the algorithms suck now. Harder to find new music bc they just keep pushing the same old. I also wish they would bring back the curated running playlist mix (your likes, mixed, w specific bpm).",3,93,9.0.34.579,2025-04-15 02:16:03,,,9.0.34.579,2025-05-15 16:00:51
f9fb34f6-12ef-496f-bf4c-3b82a5069d32,Andrea K,https://play-lh.googleusercontent.com/a-/ALV-UjWNCtTRIJ2wxMgFkHeiA7r-zCsxduU6XDD9R8PsrsGjk-G5Vv6s,"This review is mostly for the customer service. I had one teenie tiny issue going on with my app so I contacted the developer and was absolutely blown away. They were all over it instantly. Going through troubleshooting and everything that could possibly be bugging my app. after a couple days they finally found a fix and my app works flawlessly again. This has always been my go to for podcasts and after this experience, I will not use anything else.",5,1815,9.0.30.642,2025-03-28 05:57:02,,,9.0.30.642,2025-05-15 16:00:51
f3e34ee4-02cb-42fa-9cb7-49f9eb4c51f2,Brian Eyman,https://play-lh.googleusercontent.com/a-/ALV-UjWmjTOYGJPUGOUivor1qEwLASzaKHHj3P_olk65J4aJtV1l9mJJ0w,"I love this app. listen to podcasts every day. until today. it's doing nothing but cache. and causing high battery drain the second I open it. even after clearing cach. please fix devs. of Spotify!!! so i can resume listening. It's been great for many years till now. completely unusable now. after it's fixed, I'll update my rating.",2,63,9.0.28.630,2025-03-23 00:20:31,,,9.0.28.630,2025-05-15 16:00:51
8cf4d085-3092-4a20-8367-1fac4896bbd6,Allen Edwards,https://play-lh.googleusercontent.com/a-/ALV-UjXXJklZvkrmk0hBCkCg1nvJVlpV_HAlgDQHppQ7MSE7qUTs4Qox,"good music and interface but the auto switching between devices and the always running in the background of my phone is very annoying. I have disabled the ability to run in the background, force stopped the app and somehow when I am listening on my computer it will randomly switch to my phone. or randomly I will find the Spotify player in the device toolbar open and playing even though I never had the open open. Spotify is auto opening the app in the background without my permission.",3,59,9.0.28.630,2025-03-24 19:30:54,"Hi. Have you tried a quick reinstall? If that doesn't help, we'd recommend reaching out to our Customer Service at support.spotify.com. Just search ‚ÄúContact Us‚Äù, and they'll be happy to help.",2025-03-24 19:37:28,9.0.28.630,2025-05-15 16:00:51
e5d06bf4-f29a-4f2e-b394-48f78a30dff4,Kayla Eshnaur,https://play-lh.googleusercontent.com/a/ACg8ocLxV-BRMXzRJQevB4378XYTSlgeqzAoTXekDsqlzj4g7_R_ig=mo,"Overall, I love Spotify, but lately I can't get anything to load. it keeps saying check my internet but everything else on my phone is working and I have disconnected from wifi and reconnected. I am not sure what updates have been done lately, but I can't search or find new songs or podcasts. It only is loading the homepage and if I didn't have internet it wouldn't play the songs I don't have downloaded. I wish this new issue would be fixed.",3,23,9.0.34.593,2025-04-16 21:11:38,"Hi. Have you tried a quick reinstall? If that doesn't help, we'd recommend reaching out to our Customer Service at support.spotify.com. Just search ‚ÄúContact Us‚Äù, and they'll be happy to help.",2025-04-17 02:55:37,9.0.34.593,2025-05-15 16:00:51
03ffe415-7302-4559-a4b6-7b3687c1558e,Briana Rawleigh,https://play-lh.googleusercontent.com/a-/ALV-UjUJoPoAnv1QHJZnU34V-7rQLTG3uy28Na1ycwAMIU6nLbbkb8UEoQ,"04/16/25 update: Bringing this review back from last year. It's happening again. The app appears to be broken as of the last week. Podcasts and audiobooks aren't working but music is. NOTHING is loading! I have uninstalled, reinstalled, cleared my cash and data, logged in and out all of the above on my end. Nothing is working.",4,67,9.0.34.593,2025-04-16 21:48:57,"Hey there. We're open to feedback, and we‚Äôd love to get some more info about this. If you have the time, give our Customer Service a shout. You can find them by heading to http://support.spotify.com and searching ""Contact us"".",2024-02-13 03:31:18,9.0.34.593,2025-05-15 16:00:51
bd65e541-b63b-441a-8cac-c030fc526598,Dakota Davis,https://play-lh.googleusercontent.com/a-/ALV-UjUwPMsREakod3DbbVl4dS54m3SqrIm1upM51Qo3OwdxdHuFeJQP,"An app that makes itself significantly worse so you'll pay for it, soon I'm sure they will remove the feature to even play in the background for free users. 30 minutes without ads hasn't worked in ages, even if you go in and watch the ad in the app (a horrible feature btw) after you get confirmation on 30 minutes free you WILL get an ad after your the next song. things will stop working on this app and they don't care. USE LITERALLY ANY OTHER APP IF YOU CAN, THEY DONT DESERVE YOUR MONEY",1,52,9.0.30.642,2025-03-28 15:45:22,,,9.0.30.642,2025-05-15 16:00:51
0b27a707-55aa-4c0c-b25d-37c8d2a143e4,Ivy,https://play-lh.googleusercontent.com/a-/ALV-UjVpIlWaNL5EHGHDDfhY8lNYibooOa-kOUOxgsRTBCDwOU9qxjVP,"Music is EVERYTHING. It makes me calm, relaxed, and just be in my little small world! I love how I get to do my playlist!! I would use this everywhere I go. In my car, my room, outside, in school, in stores, when I'm bored, when I feel happy/sad, I just love this so much and I'm being so fr! Literally all the songs one needs/knows. The same goes for the podcasts! EVERYTHING is on Spotify with entertaining playlists made by so many people! It is easy and fun to use!! Best app for music/podcasts!!",5,1092,9.0.26.632,2025-03-17 09:40:19,,,9.0.26.632,2025-05-15 16:00:51
0329079f-8e7d-4022-8674-b49a48bc11c0,Solange Roman,https://play-lh.googleusercontent.com/a/ACg8ocIwFjKxdm6t8euaBUgeYHhmu5f42YF2APJ2PFY8x708C4VOZA=mo,"Would you like a music app that can shuffle? Find a different one! Constantly adding new songs to playlist only to have the same 50 always play in the same pattern. Hit shuffle again? Nope, same. It's awful, it makes no sense and forces u to use their ai dj to actually mix it up. Updating to say it still cannot shuffle.",1,147,9.0.20.603,2025-02-27 15:50:47,,,9.0.20.603,2025-05-15 16:00:51
0b65bdeb-27bc-42ec-aa58-7280922e219d,MacKenzie Gassiott,https://play-lh.googleusercontent.com/a-/ALV-UjUzsBIUl5L_CUzWHx3Z8XN6rw0UC6oYocmDMAKDt_JReyjUZ0cc,"I would give this 5 stars, however, there is a major problem I have encountered for now 2 months. I can look up a song in my liked list and either it won't load up for whatever reason, or won't play at all when tapped. I keep having to delete and readd songs to hear them from my liked. Fix this Spotify. Your due for a new bug update anyhow",3,46,9.0.20.604,2025-02-23 00:17:20,,,9.0.20.604,2025-05-15 16:00:51
c69d2771-db3d-4a64-a6b9-ead97596bd4b,Jaime Simpson,https://play-lh.googleusercontent.com/a-/ALV-UjXSy-aCZn1E0MwcVXUDM5jtyu8JBrD69eEkMI2Ew_q2ifH2iNT92A,"I have been using Spotify for years and have been a premium member pretty much the whole time. For the price, it's totally worth it. I use it for music in my car, music for cleaning the house, music for sleep, asmr for sleep, podcasts, music for my toddler, or just music for lounging around the house. I was in the top 2% of Spotify users a couple years in a row. Saying I use this app all the time is an understatement. It's really good at creating playlists specifically tailored to me.",5,570,9.0.34.593,2025-04-17 10:29:20,,,9.0.34.593,2025-05-15 16:00:51
f450230b-6c7d-4e05-8ed1-fb3ecbd32678,Lily W,https://play-lh.googleusercontent.com/a-/ALV-UjUsZqv4I_Yx3y7L5Cd4GRbIvwoJjiHW_qZXyuydtdBHTjWcaEXF,"Spotify is a pretty decent music app. It more likely than not has any song you search for, and the design is simple and easy to work with. However, it does have some faults: the ads, and premium. I will get an ad that tells me that the next 30 minutes of listening will be ad free, then two songs later and I get four ads. It's impractical and misleading. There are some perks with Premium, but I should not have to pay to be able to skip songs freely. That's just kinda bogus.",4,597,9.0.14.561,2025-02-22 05:52:26,,,9.0.14.561,2025-05-15 16:00:51
ef1a43ab-1929-4ba7-a2b1-cf7dc2880ef7,Spook Spook,https://play-lh.googleusercontent.com/a-/ALV-UjWJZ0AeF4px59uHSBTk3FHlaTXZDrGkzNw9wWF2pXGnf9jghLjp,"It's just ad after ad after another ad. The only pro is that virtually every artist is available, but even then, there are other services with that same variety and fewer ads. Even some features are locked behind a pay wall. I shouldn't have to spend $7+ a month just to turn off shuffle. Plus, their lyrics are broken and are often times faster or slower than the song.",1,1429,9.0.18.604,2025-02-18 08:49:52,,,9.0.18.604,2025-05-15 16:00:51
0beec928-1827-42f1-99aa-90949c26b143,Michael Nelson,https://play-lh.googleusercontent.com/a-/ALV-UjUx8r7UUUOXuwAj1ZssgHL-gLL1UhUw_AgeVJ9NySc1q4za81WC,"Honestly, just use any other app that provides music streaming. Loading up Spotify to see that my playlist of two thousand or more songs doesn't display properly and can't be edited is beyond frustrating. I spent years building a profile of music that I enjoy, just for the platform I made it on to completely nullify all my progress. Playlists change as the person who created them does; so, being able to edit them, let alone see the tracks in them, is pretty important.",1,55,9.0.2.459,2025-03-06 09:14:05,"Hi. We're open to feedback, and we'd love to get some more info about this. If you have the time, give our Customer Service a shout. You can find them by heading to http://support.spotify.com and searching ""Contact us"".",2025-03-06 10:00:36,9.0.2.459,2025-05-15 16:00:51
d899f8e7-8173-4bf1-9b8c-a3d8ea5b23f8,HeatherLee S,https://play-lh.googleusercontent.com/a-/ALV-UjU9BOUTAJxqZiXTJTcJqbsXrbpDPEC8WFWDTI-YhvrzNvub2bTH,"I had to edit my review, it used to be 5 stars but I'm lowering it because all of the sudden, every now and then, it'll switch what Im listening to. I've been listening to a podcast's library and it switched me to a curated list. If you want to make me a recommended list, fine but I don't HAVE to listen to that other stuff and this app is making it so I have to. Super inconvenient, especially while driving. I've used this app for years and never had any issues until recently.",2,229,8.9.98.488,2024-12-11 04:13:15,"Hi. We're open to feedback, and we'd love to get some more info about this. If you have the time, give our Customer Service a shout. You can find them by heading to http://support.spotify.com and searching ""Contact us"".",2024-12-11 04:26:20,8.9.98.488,2025-05-15 16:00:51
cb039622-386c-4dd2-bcd2-83fd85490ad2,A ito,https://play-lh.googleusercontent.com/a-/ALV-UjU6aytN8qowpicmsdP1OPc-uzFV0lSbvHM9kydNvy6PneUQ6ct4,"I hate to say this, but Spotify is honestly a really bad music app. Ive been using it for years, and Ive loved it throughout, but these updates just keep getting worse and worse. To enjoy your experience, you more or less have to pay for Premium. They've gotten extremely money-hungry, not to mention the app doesn't even work half the time. My music often randomly stops playing for no reason. Also, not being able to see lyrics without Premium really bothers me. Dont recommend.",1,369,9.0.2.459,2024-12-28 08:07:05,,,9.0.2.459,2025-05-15 16:00:51
6ba560f7-f789-44b1-b542-f78c38ed205f,Jesse Patoka,https://play-lh.googleusercontent.com/a-/ALV-UjUSHBDcja4JsG-K-75GBiHwubdRxMF2rT0NPklkMRh-lsjg7JDWVA,"New review: for whatever reason the app stopped letting me add songs to my liked song playlist, or add podcast episodes to my ""your episodes"" playlist. I've tried logging off and on. I've tried uninstalling and reinstalling the app. Original review: Great app for legally listening to music. Also, their podcasts controls have improved a lot and is actually an option to use now.",1,472,9.0.0.487,2024-12-16 07:31:50,,,9.0.0.487,2025-05-15 16:00:51
d1df96cf-af85-49bd-9cac-2b2f8466cc0c,Ashlyn Snyder,https://play-lh.googleusercontent.com/a/ACg8ocI5O4M9H_9mg3zfSB0I0w9hljFrJCQ9rc3ee560xsgxIoucbgo1=mo,"Love using Spotify, it's great! Recently been experiencing a weird issue with my new phone (android) where if I play music for too long, the music will stop, play for a few seconds, stop again, and repeat this cycle until I open my phone. It doesn't last long though. I've restarted the phone & tried uninstalling but it happens still (less frequently though!). Regardless, I still love using this app",5,8654,8.9.94.470,2024-11-24 22:06:50,,,8.9.94.470,2025-05-15 16:00:51
9fb0ebf6-ddb7-40e7-8d07-7b075e0be4c0,Taylor Dixson,https://play-lh.googleusercontent.com/a/ACg8ocK9rbjRlyCS8LDzl9uhmFhgmZRVIiV4uIcjwSJ5NTjjcTWvncQ=mo,"App has become horribly unstable. The app crashes on me every other song, sometimes I get two songs in-between. I have reinstalled the app, cleared the cache, undownloaded and redownloaded all saved playlist. But the app still crashes constantly. Not worth the membership cost anymore, given that I can't enjoy my music. I hope it gets fixed with the next update, but considering the issue wasn't fixed after the last time I brought this issue up, I'm not hopeful.",2,138,8.9.98.488,2024-12-11 03:44:37,,,8.9.98.488,2025-05-15 16:00:51
6ad829a2-ca6d-494f-9312-1d7368c49273,Tara,https://play-lh.googleusercontent.com/a-/ALV-UjU0WE8ZFzrYsCzAZlS7nL5xp6sP5tfYQn0XgL9Mqs80M4s0dltr,"The app itself is okay, but after a few updates, all the stuff I was able to have is hidden behind a pay wallüòì And sometimes, if you make a playlist and play it, it'll have some random song that isn't even listed or added by the app itself. I don't mind the ads (sometimes), but I can't even listen to more than 2-3 songs in a row. I get that money is needed, but damn. I'm not paying for premiumüòï",2,249,8.9.96.476,2024-12-05 02:59:16,,,8.9.96.476,2025-05-15 16:00:51
8784dd29-75a5-4d8c-891f-6d9323f7443a,Mandy Karja,https://play-lh.googleusercontent.com/a/ACg8ocLJHJc8Cml9bcdFWYXrPOIQ-A9HxPdtk7TCUkmgtx87pjtl1w=mo,"The app is a great app, very convenient to have the music still be able to play even if I wanna use another app. Although it irritates me when it plays songs that are not apart of my playlist. I eventually run out of skips because I only want to listen to the music on my playlist. I switched back to YouTube because they don't play random music that isn't on my playlist. Please add an option that makes so you can choose to have recommended songs play.",2,125,9.0.2.459,2024-12-30 10:21:13,,,9.0.2.459,2025-05-15 16:00:51
2ad350f9-a714-4781-97b0-cf7b47d8f634,Elizabeth Sampson,https://play-lh.googleusercontent.com/a-/ALV-UjV4uF4FNI9n6YxHGzGocrKeRtxPM4dVLwC93Lo-wW17GNAVtK16,"The quality, for the most part, is fine. But two things that have really irked me: first, and most importantly, IT HAS NO TRUE SHUFFLE. Unless that's ever changed, my rating will not go up. Second, if a friend shares a song link with me, clicking on it automatically plays the song and interrupts whatever playlist I may have had going instead of just taking me to the song info and giving me a choice to play it or not. Would be nice if it didn't do that.",2,1037,9.0.2.459,2025-01-06 09:16:24,"Hey there, we‚Äôd love to get some more info about this. We‚Äôd recommend getting in touch with our Customer Service by heading to http://support.spotify.com and searching ""Contact us"". They'll be able to check this for you.",2023-05-03 17:36:07,9.0.2.459,2025-05-15 16:00:51
b952596a-8ce9-4ff8-87c3-11ef7e734a21,Karolina,https://play-lh.googleusercontent.com/a-/ALV-UjXP7pFpIcUgRYKuw76dEeX1F847SWtnkYLu7Tk7Qd7z1bbd-uLz,"Doesn't play well with Google Pixel 8. Stops connecting to my cars Bluetooth until I restart my phone (won't play any audio). Music stutters while playing. ""Upstream request"" timeouts when I try to access their website. Player won't work on desktop. Wrapped won't play. I restart the app. I install updates. I check settings. I try different browsers. Terrible user experience with Spotify this year. [Edit] I appreciate the response. I have tried reinstalling. I can't reach your site, but will try",1,105,9.0.0.487,2024-12-16 02:45:07,"Hi. Have you tried a quick reinstall? If that doesn't help, we'd recommend reaching out to our Customer Service at support.spotify.com. Just search ‚ÄúContact Us‚Äù, and they'll be happy to help.",2024-12-16 01:44:59,9.0.0.487,2025-05-15 16:00:51
a7cea95d-61bd-441b-b4d4-2cbc07bfd778,Kayleen Stokes,https://play-lh.googleusercontent.com/a-/ALV-UjWrExjNE-6M4nwjzIUF2O__e3m0RX1Id2TWZMM3WTtb1EtJDm8,"I've been using Spotify for a WHILE, and I haven't experienced any issues except for on mine, after a song finishes, it just stays at the end of that song and doesn't play to the next. Secondly, after I get an ad and they play through, I change the playlist, and it immediately gives me a bunch of new ads. Could you fix this please? I've tried everything to fix it. Please fix this bug!!",4,420,9.0.2.459,2024-12-22 10:39:24,,,9.0.2.459,2025-05-15 16:00:51
908b6543-2776-434f-8699-adc16729b14c,Amber Desjarlais,https://play-lh.googleusercontent.com/a/ACg8ocIjT2mjOZ69vtpFHeFjFt3L-xHmVLRPLhvkgkfmPwvheH4sgA=mo,"I've used this app for 13 years, and it's the best music app out of all of them. Highly recommend! Edit: Why did the ""search in your library"" feature changed. I really enjoyed searching an artist and having all of the songs I like come up instead of making individual playlists of all the artists. Now, it shuffles through my library playlist instead of the searched songs. It's a bummer!",5,1625,9.0.8.127,2025-01-11 22:48:32,,,9.0.8.127,2025-05-15 16:00:51
91022b57-5549-463e-b27e-ddcf84de4f01,Hannah Soules,https://play-lh.googleusercontent.com/a-/ALV-UjVKznlBNZ1M6bkvKKQs8qu6ARpwrpmrdy_bMIEdaoL9RftFCtoo,"I've used this app for several years. I don't pay for premium, and I've never really minded the ads. Sometimes it'll give you four ads back to back and then promise you 30 minutes of ad-free listening, only to play you an ad after the next couple of songs. That's super annoying and is why I docked a star. But it doesn't happen all the time. After the most recent update (Dec 2024?), it would only play one song and then stop completely. I uninstalled and reinstalled and it fixed the issue.",4,228,9.0.2.459,2025-01-06 04:28:03,,,9.0.2.459,2025-05-15 16:00:51
bf73442f-280c-4478-9c66-dd7dfa9e315d,Christina Porter,https://play-lh.googleusercontent.com/a-/ALV-UjWMaP6NsRoz2p5Z5ZgoLdeUB1FEmJhXhTSHSDTijrtMJlLAUR57,"Used to have a 2 star rating for the app in 2023, and major issues have been updated, but i still continue to have some issues with songs randomly pausing and not playing. The ads are also insane. 3 to 4 30 second ads in a row after only playing a few songs is very irritating to say the least. I don't have the money to be spending $12/mo for premium so it is what it is, but it gets annoying. Otherwise, app is pretty good for listening to music whenever, driving, walking, etc.",3,288,9.0.12.567,2025-02-06 16:02:08,,,9.0.12.567,2025-05-15 16:00:51
fbab2ae1-1404-4c03-a7b3-5f17ec0cbbb1,Kimber Mcgahan,https://play-lh.googleusercontent.com/a-/ALV-UjUEyDF1_JDFJu5lwOj8NqajqblRVn23F4Bptm6aOq_A7mm8t3DD,"Honestly, when i first started using this, it was an awesome app! It's got all my favorite artists in one place, but, after a while, on my phone, it just doesn't work(?) It will not play the next song, and it will get stuck on an ad, which i can't skip since I have to close the app. But overall, it's a great app, aside from the fact that you only have limited lyrics per month and six skins per hour, I love it! It's great for people who have money to spend on premium. (Aside from me, I dont)",3,52,9.0.2.459,2024-12-22 18:07:15,,,9.0.2.459,2025-05-15 16:00:51
fa4e3b78-c4d4-441a-bf18-ed2208d2e6ae,Haley Powell,https://play-lh.googleusercontent.com/a-/ALV-UjUngikw8hsr2ZgC0eelhfcu6sWR6auP7JQ-Ca4nnIlSgiS5cUhr,"Amazing app. I love it. But I have noticed a lot of times when it says ""you have 30 mins of no ads"" alot of times it will only play one song and then a ad will follow and it's kinda annoying. I dont know if it's just my phone though or if it's some bug that you can maybe fix? But other than that it's a great app. Amazing features. I really recommend.",5,4317,9.0.0.487,2024-12-14 07:39:08,,,9.0.0.487,2025-05-15 16:00:51
c5cc8a88-4ea2-43bc-b113-9e6b5cd28e46,Laela Overmoyer,https://play-lh.googleusercontent.com/a-/ALV-UjXbvcBPVzNs5zE71E6xSNzV6yBVsR8KfEtSeMsw2x4ZvKsNg34,"The music and audiobook features are fantastic, but the podcast features are awful. Even premium means you have ads on podcasts, and if you want to replay the few seconds before ads you have to listen to the ads again. It claims that your input on the ads matters, but it doesn't. I wouldn't mind, except that the ads I get are the same awful ones all the time. It makes me 1. Actively avoid the product advertised and 2. Avoid listening to any podcast on Spotify.",1,132,8.9.94.470,2024-11-27 09:41:13,,,8.9.94.470,2025-05-15 16:00:51
b2d8bd33-9cc0-421d-ab7c-525f0d0e7e9d,Brandy Lutz,https://play-lh.googleusercontent.com/a-/ALV-UjVn_NYnynpM9wJSzQBTR9gyY9JGI-trE3vokYTt9dUMAKVdrCE,"Can't look up an artist and see their album to add songs to my playlist. I have to look up each song. I also can't pick a song and listen because Spotify will only play a different song. You already get money from making me listen to ads. I'm on a limited income and can't afford to pay a monthly fee. Also, throwing in random songs on my playlist that I didn't add is not welcome. I want to hear my choices. This makes me not want to use Spotify at all. I'll find a better music app.",1,1821,9.0.14.561,2025-02-01 07:54:29,,,9.0.14.561,2025-05-15 16:00:51
9d7d87d0-6a0e-4cb2-84eb-80756baa9c7e,Jo Batson,https://play-lh.googleusercontent.com/a-/ALV-UjXkw4h_jBPg67zlIv3pqNacy42WQjfobyiQ7-9BlxfU8GkZGFxi,"I love using Spotify. However, I wish they would bring the option back to rearrange your Playlist via the mobile app, especially when you're paying for Premium Service. Having to login via the internet or computer is an inconvenience when you're paying for the service monthly you should be able to change the order of the songs via the app. **sigh** :-(",5,11661,9.0.16.572,2025-02-09 08:35:31,,,9.0.16.572,2025-05-15 16:00:51
af3a2fc7-fed9-43b6-9c99-b881ea94e181,Jamie Cagle,https://play-lh.googleusercontent.com/a-/ALV-UjUtQEtX313s2lzRZ2cIGxRa7Put7EHnLO2S3r10qE0maXNlCCi_,"App continuously just keeps pausing my music if I do literally anything else on my phone while using it. I have my playlist downloaded, as I use it for playing music over the speaker at work. I've tried clearing my downloads, restarting my phone, uninstalling and reinstalling the app,and nothing fixes it. I try to open up any other app or my browser and it hard stops the music. Does this while I'm driving as well. My phone has space and this is the only app giving me such recurring problems.",1,481,9.0.14.561,2025-02-03 22:33:25,"Hi! We‚Äôre sorry to hear this and thanks for letting us know. We‚Äôd like to investigate further. If you have time, could you reach out to our Customer Support team again with a screenshot of your review and our reply? You can find them on X and Facebook (@SpotifyCares), or via live messaging at https://support.spotify.com/contact-spotify-anonymous/.",2025-02-04 00:26:04,9.0.14.561,2025-05-15 16:00:51
9fe9ecb2-e4db-4576-8299-5dc7f3afac2f,Shailiah Kermani,https://play-lh.googleusercontent.com/a/ACg8ocLIS7ds5uY2ekMC3zBN-TvlZfyIt_hEy1GgaJOjb4dFU4iAp1M=mo,"I made the questionable choice to pay for this awful app, and every day I wish I had any better option. The playlists will randomly unshuffle after playing 2-3 songs, will repeat songs I literally just heard like 15 minutes ago in the same order, and makes it incredibly frustrating to try to stay on your actual playlist, instead sending you to some random ""Here's what we think you'll like."" This has been going on for MONTHS now! I always hope they're gonna fix it, but apparently they never will.",1,254,8.9.94.470,2024-11-27 06:18:47,,,8.9.94.470,2025-05-15 16:00:51
adb6d5d2-781b-4db9-b050-4fcb7e735e8b,Avalia Leyva,https://play-lh.googleusercontent.com/a-/ALV-UjWoQvpZSPFNnHUwpvSj9BQclCYkTSpuRBmLlDDaeyDfaE7HtUd7eg,Plays 1 song at a time. No longer able to listen to playlists or stations. It stops after 1 song. I've cleared cache. Restarted my phone. Uninstalled and reinstalled. Even cleared storage and Uninstalled other apps. Nothing works. I stopped my subscription due to similar issues and now this free version is no longer worth the work or time. I'm done.,1,147,9.0.2.459,2024-12-30 00:31:11,"Hi! We'd suggest reaching out to our Customer Service team to get help on this. Just search ""Contact Us"" at http://.support.spotify.com.",2024-12-30 08:53:05,9.0.2.459,2025-05-15 16:00:51
6006435e-4ac4-497d-92ff-c3becd255c6f,Armani Moore,https://play-lh.googleusercontent.com/a-/ALV-UjVC0-sWDUQDEpCH0k1ijbGnRWtrp4-HB4r-bZLJHDuOeRisRHoo,"I have 2 major gripes with Spotify: 1. After canceling premium, you constantly get emails practially begging you to come back which I find annoying 2. Background play feels oddly inconsistant. Some games I play randomly cut off the music nearly immediently, while others seem to vary in a way I don't understand. This also applies to social media. Edit: I hate how when you don't have premium and try to listen to a Playlist, it will play ""recommended music"" instead of finishing the Playlist first.",2,65,8.9.96.476,2024-11-30 06:41:09,"Hi! We're sorry to hear about the issues you're experiencing with the app. We'd like to get some more info about this. If you have time, give our Customer Service a shout. You can find them by heading to http://support.spotify.com and searching ""Contact us"". They'll be happy to help with this.",2024-10-25 23:14:45,8.9.96.476,2025-05-15 16:00:51
4426059a-7feb-46e3-9d7d-a5b8302c0a1b,keith saylor,https://play-lh.googleusercontent.com/a/ACg8ocJtJD20N8eSdbj-ZwX6haDWZeHpZQE87ovTPKQBqdY3bbLTuw=mo,"TOOK AWAY THE LAST GOOD THING ABOUT SPOTIFY, the queue!! Used to be able to click queue and select random songs from library in the queue to play next, now you can't, have to individually drag each song to the top. Absolute trash. EVERY single update Spotify has done for the last 5 years has made the app worse and worse. Used to be the best, can't get my 7000 songs off the damn app without starting completely over on something else, no transfer apps work. So effing mad.",1,221,9.0.10.415,2025-01-17 06:11:53,,,9.0.10.415,2025-05-15 16:00:51
7701aa71-b434-4327-b194-f3fcce606f47,Miguel.,https://play-lh.googleusercontent.com/a-/ALV-UjUBHR4vB6dDvI9TnwZtbrXzaJQd8BzW-cBF1zeeHRgUxoMXXEO7,"On my device, it's awesome. I use this everyday, everywhere and always, for over 50,000 minutes. Other than the ads (which aren't too annoying once, again, on my device) it's pretty much perfect. I just don't enjoy how some songs are unavailable because of regions, but it's not a big issue since the mainstream is there as well as a lot of underground. There's not much to complain about, since I use the free version. So far, i say this is great.",5,1482,9.0.8.127,2025-01-15 08:57:35,,,9.0.8.127,2025-05-15 16:00:51
